,label,intensity,symmetry
0,0,145.44,78.32156862745099
1,0,118.58,71.00784313725491
2,0,127.6,56.61960784313725
3,0,138.05,74.50196078431372
4,0,146.22,57.59607843137255
5,0,128.07,81.57254901960785
6,0,136.98,64.91372549019607
7,0,131.24,74.42745098039215
8,0,142.95,70.52156862745097
9,0,129.1,77.14509803921568
10,0,128.87,72.03137254901961
11,0,130.61,74.64313725490196
12,0,129.39,63.180392156862744
13,0,137.52,37.85490196078431
14,0,157.8,83.14509803921568
15,0,126.29,61.8235294117647
16,0,131.42,73.41176470588235
17,0,140.28,42.69019607843137
18,0,148.42,65.84705882352941
19,0,137.0,69.12156862745098
20,0,140.16,74.07843137254902
21,0,154.25,81.26666666666667
22,0,126.57,75.43921568627451
23,0,129.64,55.470588235294116
24,0,132.58,75.41568627450981
25,0,127.16,79.1921568627451
26,0,151.5,71.32549019607843
27,0,135.7,68.04705882352941
28,0,145.42,57.266666666666666
29,0,134.8,63.07843137254902
30,0,147.81,79.30196078431372
31,0,136.42,76.11764705882354
32,0,154.39,62.8235294117647
33,0,135.68,69.69411764705882
34,0,136.73,90.85882352941177
35,0,157.16,76.32549019607843
36,0,129.92,81.75686274509803
37,0,141.82,83.59607843137255
38,0,147.67,62.31764705882353
39,0,125.41,73.05882352941177
40,0,142.38,61.1843137254902
41,0,155.45,62.1921568627451
42,0,144.83,67.84705882352941
43,0,134.55,77.11372549019607
44,0,136.45,69.49019607843137
45,0,132.77,74.6156862745098
46,0,151.51,70.6
47,0,139.07,77.92156862745098
48,0,123.55,85.0156862745098
49,0,123.52,74.99607843137255
50,0,120.44,65.4
51,0,150.04,74.47058823529412
52,0,123.32,82.70196078431373
53,0,143.07,76.45098039215686
54,0,133.39,68.99215686274509
55,0,118.91,65.32549019607843
56,0,141.2,59.38823529411765
57,0,146.73,74.08235294117647
58,0,142.38,81.99607843137255
59,0,116.39,67.45098039215686
60,0,122.24,76.2392156862745
61,0,151.92,83.47058823529412
62,0,142.05,73.78823529411764
63,0,129.1,78.40392156862745
64,0,122.85,67.6156862745098
65,0,154.11,71.97254901960784
66,0,127.89,66.33333333333333
67,0,145.54,69.68627450980392
68,0,131.93,67.3686274509804
69,0,133.18,63.615686274509805
70,0,138.37,53.870588235294115
71,0,123.71,71.3921568627451
72,0,128.37,72.45882352941176
73,0,141.24,63.188235294117646
74,0,134.16,60.27058823529412
75,0,141.57,60.0
76,0,133.3,83.26274509803922
77,0,142.23,80.03921568627452
78,0,153.63,74.75686274509803
79,0,133.77,63.63529411764706
80,0,123.87,72.58823529411765
81,0,139.81,61.254901960784316
82,0,129.75,63.56470588235294
83,0,125.87,77.9843137254902
84,0,150.4,85.27450980392157
85,0,152.46,77.72549019607843
86,0,123.43,60.01960784313726
87,0,130.94,81.65882352941176
88,0,115.32,71.00392156862745
89,0,143.68,75.12549019607843
90,0,124.24,55.615686274509805
91,0,129.19,68.83921568627451
92,0,114.33,57.819607843137256
93,0,124.26,50.95294117647059
94,0,115.9,75.92941176470588
95,0,136.45,75.56078431372549
96,0,138.25,69.29019607843138
97,0,152.58,79.48627450980392
98,0,121.55,80.74509803921569
99,0,118.08,74.98039215686275
100,0,121.35,64.50588235294117
101,0,128.42,33.36078431372549
102,0,137.62,81.73333333333333
103,0,118.29,75.09019607843138
104,0,127.2,86.67843137254901
105,0,123.92,73.00784313725491
106,0,153.05,64.94509803921568
107,0,138.46,60.89019607843137
108,0,128.62,69.08235294117647
109,0,130.37,72.88627450980393
110,0,129.7,74.65882352941176
111,0,119.6,66.17647058823529
112,0,157.29,64.74509803921569
113,0,145.67,39.6078431372549
114,0,128.22,65.50980392156863
115,0,140.24,45.39607843137255
116,0,132.18,88.89803921568627
117,0,140.8,73.41176470588235
118,0,156.62,54.043137254901964
119,0,121.18,59.227450980392156
120,0,120.43,83.02745098039216
121,0,155.8,74.72549019607843
122,0,134.86,41.54117647058823
123,0,140.1,71.6156862745098
124,0,121.94,60.67058823529412
125,0,150.58,69.1843137254902
126,0,133.38,63.741176470588236
127,0,156.13,56.4078431372549
128,0,140.97,69.12156862745098
129,0,120.81,67.43529411764706
130,0,118.05,60.52156862745098
131,0,145.01,68.83921568627451
132,0,134.07,57.831372549019605
133,0,157.07,84.62745098039215
134,0,118.07,57.254901960784316
135,0,151.58,44.43529411764706
136,0,141.22,67.67450980392157
137,0,128.36,88.33333333333333
138,0,122.04,73.7921568627451
139,0,112.88,62.97254901960784
140,0,144.91,58.08627450980392
141,0,128.32,77.55686274509804
142,0,138.22,56.14509803921569
143,0,142.37,69.13333333333334
144,0,122.27,65.4
145,0,118.69,60.984313725490196
146,0,136.27,82.00392156862745
147,0,120.58,83.10980392156863
148,0,124.72,79.30588235294118
149,0,138.3,76.75686274509803
150,0,148.33,43.05490196078431
151,0,124.49,62.72941176470588
152,0,130.06,83.48627450980392
153,0,148.81,47.1843137254902
154,0,121.41,63.82745098039216
155,0,151.42,65.69019607843137
156,0,158.19,55.266666666666666
157,0,138.42,62.35686274509804
158,0,143.94,93.62352941176471
159,0,131.28,70.51764705882353
160,0,138.98,71.38039215686274
161,0,118.74,78.00784313725491
162,0,150.45,81.1921568627451
163,0,142.6,68.51372549019608
164,0,142.25,70.53333333333333
165,0,142.93,75.12156862745098
166,0,120.62,75.03529411764706
167,0,154.83,56.333333333333336
168,0,150.91,73.65882352941176
169,0,114.95,71.10196078431373
170,0,130.3,60.28235294117647
171,0,151.16,68.98823529411764
172,0,119.26,71.02352941176471
173,0,131.33,65.6470588235294
174,0,140.98,73.21176470588236
175,0,145.06,66.00392156862745
176,0,118.1,65.43529411764706
177,0,114.87,71.7607843137255
178,0,150.49,82.0156862745098
179,0,144.73,67.52549019607844
180,0,121.53,53.65882352941176
181,0,144.42,47.23921568627451
182,0,149.02,70.92941176470588
183,0,131.62,53.258823529411764
184,0,128.05,67.0
185,0,116.05,73.3843137254902
186,0,155.35,39.31372549019608
187,0,131.68,76.94509803921568
188,0,155.06,68.49411764705883
189,0,142.53,65.73333333333333
190,0,137.33,69.68627450980392
191,0,126.8,39.76078431372549
192,0,126.08,55.95294117647059
193,0,142.58,77.53333333333333
194,0,135.75,63.60392156862745
195,0,136.58,76.49803921568628
196,0,125.76,83.83921568627451
197,0,145.64,58.5843137254902
198,0,143.06,69.51372549019608
199,0,128.14,83.18823529411765
200,0,152.58,68.53333333333333
201,0,115.01,73.98823529411764
202,0,144.74,77.19607843137256
203,0,131.06,83.50980392156863
204,0,152.6,67.27450980392157
205,0,147.07,89.0156862745098
206,0,152.7,64.34901960784313
207,0,127.78,66.97647058823529
208,0,137.73,82.87843137254902
209,0,124.33,74.87843137254902
210,0,141.66,78.50588235294117
211,0,129.39,64.94509803921568
212,0,138.25,83.26274509803922
213,0,147.71,76.8313725490196
214,0,144.04,80.86274509803921
215,0,121.99,72.86274509803921
216,0,135.32,74.08627450980393
217,0,137.84,71.21960784313725
218,0,121.03,69.4
219,0,133.45,60.23921568627451
220,0,150.33,76.7843137254902
221,0,141.16,58.8
222,0,123.73,73.55686274509804
223,0,133.82,72.26274509803922
224,0,156.07,76.41176470588235
225,0,141.04,74.46666666666667
226,0,117.22,74.47058823529412
227,0,158.85,66.92156862745098
228,0,133.7,90.27843137254902
229,0,137.08,79.90196078431373
230,0,122.81,82.28627450980392
231,0,129.64,69.13725490196079
232,0,140.53,63.741176470588236
233,0,125.74,59.090196078431376
234,0,149.84,67.29411764705883
235,0,120.2,71.66666666666667
236,0,126.51,74.1921568627451
237,0,153.26,78.6
238,0,140.17,71.12549019607843
239,0,122.13,60.36078431372549
240,0,149.95,72.46274509803922
241,0,145.87,76.82352941176471
242,0,125.22,71.54901960784314
243,0,125.87,81.88627450980393
244,0,136.07,65.94117647058823
245,0,124.82,76.37647058823529
246,0,122.82,78.58823529411765
247,0,126.21,67.7607843137255
248,0,128.26,79.86274509803921
249,0,124.44,79.7607843137255
250,0,131.28,70.16470588235295
251,0,125.33,66.25490196078431
252,0,133.28,72.2392156862745
253,0,119.54,76.14117647058823
254,0,135.09,66.24705882352941
255,0,136.38,70.45490196078431
256,0,120.87,68.08235294117647
257,0,112.59,63.17254901960784
258,0,127.23,85.87450980392157
259,0,129.87,83.21176470588236
260,0,154.07,80.4078431372549
261,0,119.6,78.67058823529412
262,0,124.81,74.95686274509804
263,0,126.71,67.58431372549019
264,0,152.07,66.43921568627451
265,0,115.96,71.09411764705882
266,0,146.39,72.37254901960785
267,0,130.3,79.10588235294118
268,0,134.54,77.0156862745098
269,0,117.68,70.00784313725491
270,0,124.2,76.31372549019608
271,0,132.0,53.34117647058824
272,0,119.69,69.13725490196079
273,0,120.99,78.10196078431373
274,0,140.69,85.09019607843138
275,0,139.05,78.54509803921569
276,0,134.0,75.00784313725491
277,0,112.75,74.65098039215687
278,0,134.1,67.23137254901961
279,0,120.08,63.01176470588236
280,0,118.59,65.49019607843137
281,0,148.7,67.66274509803921
282,0,143.27,63.36862745098039
283,0,119.72,73.23529411764706
284,0,136.78,80.24705882352941
285,0,137.07,56.03137254901961
286,0,146.07,65.85490196078432
287,0,119.95,69.27450980392157
288,0,154.02,80.99215686274509
289,0,134.08,76.28627450980392
290,0,143.23,64.09803921568627
291,0,128.39,56.27058823529412
292,0,145.49,79.11372549019607
293,0,131.05,44.498039215686276
294,0,132.65,73.05490196078432
295,0,139.31,77.6156862745098
296,0,120.62,61.576470588235296
297,0,127.29,63.023529411764706
298,0,151.55,75.8313725490196
299,0,146.8,69.72941176470589
300,0,145.41,80.02745098039216
301,0,116.04,83.65490196078431
302,0,117.39,63.180392156862744
303,0,131.08,69.08627450980393
304,0,132.62,55.96470588235294
305,0,138.09,69.07058823529412
306,0,115.88,58.576470588235296
307,0,144.53,85.90588235294118
308,0,139.22,53.6
309,0,151.25,80.66666666666667
310,0,138.03,55.78823529411765
311,0,144.55,73.96862745098039
312,0,123.04,78.02352941176471
313,0,139.36,66.90196078431373
314,0,136.72,69.54509803921569
315,0,127.13,69.16470588235295
316,0,152.16,63.68235294117647
317,0,140.23,60.4
318,0,131.62,77.45098039215686
319,0,143.98,68.43921568627451
320,0,128.98,83.04705882352941
321,0,130.28,79.07450980392157
322,0,132.08,48.76078431372549
323,0,149.38,83.66666666666667
324,0,118.63,73.65098039215687
325,0,119.38,64.2078431372549
326,0,151.32,73.82352941176471
327,0,132.11,62.29019607843137
328,0,124.75,79.55686274509804
329,0,140.06,81.32941176470588
330,0,127.73,62.62352941176471
331,0,152.07,76.06666666666666
332,0,139.5,63.70980392156863
333,0,120.29,71.75294117647059
334,0,150.2,72.32941176470588
335,0,133.07,66.4
336,0,140.29,65.25490196078431
337,0,131.12,65.04313725490196
338,0,127.91,64.69803921568628
339,0,117.74,59.498039215686276
340,0,122.45,59.1843137254902
341,0,153.03,77.8
342,0,148.36,73.89803921568627
343,0,136.16,76.57254901960785
344,0,154.19,75.17647058823529
345,0,130.79,63.58039215686274
346,0,131.85,55.44313725490196
347,0,122.63,48.37647058823529
348,0,122.3,61.33725490196078
349,0,142.28,85.70196078431373
350,0,126.82,41.96078431372549
351,0,137.27,78.51372549019608
352,0,120.8,77.17647058823529
353,0,140.31,91.41176470588235
354,0,126.32,89.52941176470588
355,0,132.42,81.33333333333333
356,0,138.62,74.83529411764705
357,0,126.9,75.20392156862745
358,0,158.41,74.93333333333334
359,0,135.69,63.345098039215685
360,0,142.87,66.65490196078431
361,0,121.39,49.51764705882353
362,0,153.55,89.43137254901961
363,0,130.97,83.36078431372549
364,0,139.68,68.91764705882353
365,0,120.05,84.26274509803922
366,0,143.95,66.4235294117647
367,0,136.2,62.227450980392156
368,0,122.61,73.37254901960785
369,0,136.13,30.929411764705883
370,0,128.21,65.61176470588235
371,0,126.12,45.45490196078431
372,0,137.25,55.86274509803921
373,0,146.13,56.11764705882353
374,0,120.62,73.66274509803921
375,0,135.94,73.85490196078432
376,0,149.71,47.86274509803921
377,0,149.68,79.50588235294117
378,0,124.89,54.509803921568626
379,0,146.76,53.16470588235294
380,0,145.95,62.72941176470588
381,0,137.27,80.65882352941176
382,0,144.3,47.21568627450981
383,0,129.21,76.27843137254902
384,0,118.53,71.44313725490196
385,0,128.92,65.32941176470588
386,0,116.49,62.21176470588235
387,0,150.11,35.180392156862744
388,0,124.67,77.01176470588236
389,0,147.34,76.14509803921568
390,0,139.36,77.3921568627451
391,0,129.11,90.21176470588236
392,0,154.56,80.69803921568628
393,0,127.21,76.7921568627451
394,0,120.7,64.43921568627451
395,0,139.29,65.07450980392157
396,0,148.07,74.46274509803922
397,0,128.45,82.02352941176471
398,0,140.53,75.30196078431372
399,0,140.75,61.8156862745098
400,0,130.96,84.04705882352941
401,0,136.64,70.69019607843137
402,0,128.13,62.68235294117647
403,0,136.64,60.96470588235294
404,0,124.2,75.10588235294118
405,0,126.65,81.59607843137255
406,0,133.16,73.27843137254902
407,0,136.18,81.70980392156862
408,0,121.88,75.48627450980392
409,0,131.82,72.6470588235294
410,0,126.04,74.51372549019608
411,0,113.76,74.61960784313726
412,0,120.09,60.984313725490196
413,0,115.72,60.76470588235294
414,0,142.15,81.88627450980393
415,0,131.42,71.27058823529411
416,0,137.51,57.772549019607844
417,0,124.29,74.76470588235294
418,0,136.06,71.58431372549019
419,0,113.51,83.37254901960785
420,0,135.0,43.88627450980392
421,0,150.91,79.11764705882354
422,0,139.95,71.32941176470588
423,0,131.18,75.24705882352941
424,0,114.94,75.2078431372549
425,1,44.7,35.25098039215686
426,1,59.85,39.82745098039216
427,1,48.55,39.57254901960784
428,1,69.44,37.31764705882353
429,1,51.54,42.79607843137255
430,1,46.67,40.03137254901961
431,1,48.1,40.26274509803922
432,1,46.82,37.84705882352941
433,1,56.52,39.003921568627455
434,1,63.15,29.12156862745098
435,1,48.03,38.96862745098039
436,1,47.82,41.32156862745098
437,1,52.23,35.40392156862745
438,1,48.13,36.36078431372549
439,1,60.87,39.27843137254902
440,1,48.83,39.86666666666667
441,1,52.65,34.42745098039216
442,1,53.78,36.75686274509804
443,1,45.94,39.4156862745098
444,1,63.64,37.0078431372549
445,1,51.63,42.333333333333336
446,1,54.95,32.31764705882353
447,1,54.09,34.62352941176471
448,1,58.14,45.73725490196078
449,1,57.15,43.16078431372549
450,1,47.61,33.07843137254902
451,1,57.45,39.55686274509804
452,1,54.8,30.262745098039215
453,1,50.19,41.1843137254902
454,1,66.1,36.11764705882353
455,1,49.49,36.64705882352941
456,1,58.05,43.83529411764706
457,1,60.22,45.57254901960784
458,1,45.92,39.219607843137254
459,1,49.33,29.08627450980392
460,1,66.89,36.51372549019608
461,1,67.91,42.8235294117647
462,1,57.16,43.55294117647059
463,1,46.48,35.52549019607843
464,1,57.45,44.36078431372549
465,1,52.23,36.188235294117646
466,1,44.38,36.59607843137255
467,1,46.81,39.38823529411765
468,1,55.77,36.17254901960784
469,1,50.87,31.309803921568626
470,1,60.11,39.94117647058823
471,1,46.67,33.537254901960786
472,1,62.02,31.701960784313727
473,1,64.5,43.04705882352941
474,1,48.07,41.36470588235294
475,1,51.56,33.07450980392157
476,1,47.55,29.4078431372549
477,1,60.38,36.03921568627451
478,1,45.49,39.30980392156863
479,1,49.19,42.023529411764706
480,1,68.69,33.55686274509804
481,1,53.48,40.01176470588236
482,1,44.64,35.2
483,1,46.15,38.13725490196079
484,1,56.49,40.8
485,1,65.35,35.1843137254902
486,1,52.53,38.84705882352941
487,1,50.52,33.50588235294118
488,1,62.47,41.23529411764706
489,1,57.51,42.1764705882353
490,1,51.19,37.129411764705885
491,1,61.44,43.811764705882354
492,1,57.21,37.870588235294115
493,1,53.19,39.78431372549019
494,1,57.44,34.44313725490196
495,1,65.31,32.15686274509804
496,1,68.73,45.4
497,1,48.75,41.55294117647059
498,1,51.16,34.87450980392157
499,1,55.03,43.4
500,1,65.95,37.31764705882353
501,1,68.78,40.976470588235294
502,1,69.49,29.67450980392157
503,1,69.25,30.67058823529412
504,1,55.45,32.976470588235294
505,1,55.71,33.490196078431374
506,1,56.25,42.86274509803921
507,1,54.33,41.51764705882353
508,1,67.25,31.576470588235296
509,1,44.7,36.63529411764706
510,1,49.72,39.86274509803921
511,1,48.62,36.14509803921569
512,1,46.46,33.01176470588236
513,1,51.98,34.25098039215686
514,1,50.57,35.93333333333333
515,1,62.71,39.91372549019608
516,1,49.02,41.51764705882353
517,1,64.49,34.66274509803922
518,1,53.77,44.956862745098036
519,1,65.04,43.35686274509804
520,1,70.11,35.976470588235294
521,1,48.93,40.32156862745098
522,1,51.78,38.254901960784316
523,1,53.27,34.74901960784314
524,1,57.15,36.05882352941177
525,1,46.64,32.88627450980392
526,1,57.24,43.45490196078431
527,1,60.28,42.75686274509804
528,1,50.16,42.470588235294116
529,1,44.25,39.83921568627451
530,1,57.53,37.50588235294118
531,1,54.07,43.48627450980392
532,1,66.31,43.13725490196079
533,1,46.25,37.97254901960784
534,1,65.71,25.68235294117647
535,1,65.24,44.09411764705882
536,1,66.97,32.917647058823526
537,1,51.74,36.247058823529414
538,1,60.95,42.35294117647059
539,1,72.89,38.66274509803922
540,1,55.94,39.949019607843134
541,1,56.31,37.94509803921569
542,1,55.04,33.01960784313726
543,1,52.26,39.53333333333333
544,1,49.82,41.56470588235294
545,1,59.38,35.384313725490195
546,1,54.69,35.45490196078431
547,1,46.23,39.33725490196078
548,1,64.4,36.180392156862744
549,1,59.01,35.12156862745098
550,1,46.2,39.576470588235296
551,1,49.56,32.48627450980392
552,1,53.05,40.83529411764706
553,1,45.66,36.36078431372549
554,1,62.59,39.96470588235294
555,1,52.04,44.13725490196079
556,1,72.13,34.56470588235294
557,1,57.18,31.43921568627451
558,1,59.19,34.03529411764706
559,1,52.53,36.29019607843137
560,1,51.54,37.79607843137255
561,1,47.35,39.713725490196076
562,1,48.92,40.588235294117645
563,1,58.29,41.25098039215686
564,1,56.03,43.87843137254902
565,1,45.47,35.63137254901961
566,1,65.24,43.431372549019606
567,1,64.82,36.745098039215684
568,1,55.22,42.08627450980392
569,1,47.91,39.83529411764706
570,1,47.46,37.54117647058823
571,1,64.79,30.619607843137256
572,1,59.21,34.956862745098036
573,1,50.36,42.47450980392157
574,1,52.92,35.305882352941175
575,1,61.87,37.44313725490196
576,1,68.55,41.38039215686275
577,1,51.07,38.141176470588235
578,1,46.68,39.34117647058824
579,1,57.31,37.529411764705884
580,1,69.5,42.0078431372549
581,1,50.69,30.568627450980394
582,1,50.62,35.470588235294116
583,1,50.18,35.462745098039214
584,1,46.58,38.14901960784314
585,1,52.33,38.568627450980394
586,1,64.94,30.737254901960785
587,1,48.58,31.20392156862745
588,1,45.51,37.15294117647059
589,1,66.05,30.72156862745098
590,1,57.21,28.431372549019606
591,1,59.93,38.529411764705884
592,1,55.81,36.05882352941177
593,1,60.37,42.31372549019608
594,1,50.6,32.537254901960786
595,1,51.72,32.72156862745098
596,1,56.38,44.286274509803924
597,1,48.04,41.529411764705884
598,1,45.74,32.11764705882353
599,1,54.09,35.654901960784315
600,1,65.62,33.858823529411765
601,1,56.32,32.470588235294116
602,1,50.53,40.76470588235294
603,1,50.28,34.01960784313726
604,1,50.75,39.80392156862745
605,1,51.23,35.38039215686275
606,1,55.76,43.949019607843134
607,1,64.83,36.36470588235294
608,1,49.56,39.537254901960786
609,1,66.17,38.6
610,1,57.82,39.745098039215684
611,1,46.09,40.384313725490195
612,1,53.23,33.54509803921569
613,1,63.4,44.03921568627451
614,1,52.45,41.286274509803924
615,1,73.67,44.76470588235294
616,1,46.41,41.07450980392157
617,1,62.46,34.772549019607844
618,1,54.07,42.03529411764706
619,1,44.11,38.501960784313724
620,1,63.72,44.05882352941177
621,1,53.82,42.63921568627451
622,1,50.8,39.55686274509804
623,1,72.35,43.8078431372549
624,1,66.38,40.3921568627451
625,1,71.7,35.65098039215686
626,1,60.65,39.55686274509804
627,1,53.67,37.52156862745098
628,1,50.43,30.00392156862745
629,1,74.56,48.72941176470588
630,1,68.51,35.305882352941175
631,1,53.67,44.66274509803922
632,1,58.67,44.43921568627451
633,1,53.49,41.32941176470588
634,1,50.71,42.83921568627451
635,1,65.43,33.15294117647059
636,1,53.05,43.52549019607843
637,1,56.09,34.23137254901961
638,1,52.33,34.45882352941177
639,1,62.0,39.27450980392157
640,1,58.35,42.44705882352941
641,1,45.4,38.94117647058823
642,1,62.02,38.713725490196076
643,1,62.79,40.509803921568626
644,1,45.37,38.46666666666667
645,1,62.99,33.266666666666666
646,1,55.03,43.015686274509804
647,1,47.54,35.51372549019608
648,1,48.8,38.5921568627451
649,1,72.62,41.090196078431376
650,1,71.84,38.372549019607845
651,1,59.52,38.6078431372549
652,1,61.33,43.674509803921566
653,1,53.04,32.83921568627451
654,1,48.79,34.588235294117645
655,1,44.15,38.27450980392157
656,1,58.04,39.450980392156865
657,1,56.83,43.30980392156863
658,1,49.7,40.615686274509805
659,1,57.03,41.12549019607843
660,1,53.28,38.26274509803922
661,1,44.07,37.10980392156863
662,1,47.37,40.85490196078431
663,1,60.51,44.27058823529412
664,1,52.96,34.423529411764704
665,1,51.84,39.780392156862746
666,1,55.16,36.15294117647059
667,1,59.66,39.34901960784314
668,1,51.33,42.45490196078431
669,1,69.06,41.98039215686274
670,1,58.25,34.36862745098039
671,1,47.13,37.917647058823526
672,1,65.27,35.050980392156866
673,1,67.2,47.062745098039215
674,1,46.83,32.266666666666666
675,1,58.45,43.36078431372549
676,1,64.02,38.67058823529412
677,1,45.91,33.92549019607843
678,1,49.42,36.72549019607843
679,1,51.61,43.93333333333333
680,1,63.86,39.5921568627451
681,1,58.02,41.1843137254902
682,1,60.84,31.44705882352941
683,1,50.82,31.905882352941177
684,1,49.59,36.66274509803922
685,1,67.96,34.501960784313724
686,1,56.53,40.082352941176474
687,1,68.26,33.831372549019605
688,1,45.84,34.88235294117647
689,1,48.53,30.686274509803923
690,1,57.64,36.43921568627451
691,1,46.09,35.470588235294116
692,1,62.36,30.96470588235294
693,1,61.13,35.870588235294115
694,1,54.83,37.34901960784314
695,1,56.82,37.02745098039216
696,1,54.78,38.258823529411764
697,1,45.64,37.82745098039216
698,1,54.35,37.043137254901964
699,1,45.62,33.23921568627451
700,1,46.7,33.423529411764704
701,1,54.15,43.89411764705882
702,1,55.87,41.062745098039215
703,1,44.03,37.576470588235296
704,1,51.34,42.54117647058823
705,1,47.41,33.949019607843134
706,1,57.44,42.77647058823529
707,1,49.89,36.90196078431372
708,1,59.57,46.501960784313724
709,1,58.1,42.219607843137254
710,1,47.69,35.537254901960786
711,1,51.96,36.16078431372549
712,1,69.76,39.8078431372549
713,1,44.02,36.07843137254902
714,1,51.45,39.811764705882354
715,1,51.16,36.49411764705882
716,1,46.24,40.88627450980392
717,1,64.2,32.31372549019608
718,1,44.98,34.1843137254902
719,1,48.34,39.88235294117647
720,1,52.91,43.956862745098036
721,1,47.88,42.168627450980395
722,1,51.36,42.772549019607844
723,1,54.27,42.14901960784314
724,1,49.28,35.57254901960784
725,1,53.05,42.01176470588236
726,1,47.17,38.90588235294118
727,1,52.28,42.26274509803922
728,1,63.53,29.933333333333334
729,1,53.03,37.64705882352941
730,1,57.4,45.16078431372549
731,1,58.2,37.16078431372549
732,1,61.37,44.082352941176474
733,1,72.25,40.9921568627451
734,1,50.35,39.96078431372549
735,1,47.85,37.294117647058826
736,1,53.03,33.29803921568627
737,1,50.21,42.94509803921569
738,1,56.2,39.4156862745098
739,1,52.83,42.819607843137256
740,1,45.76,34.32156862745098
741,1,62.82,44.4156862745098
742,1,54.43,44.55686274509804
743,1,63.83,34.0078431372549
744,1,57.47,43.31764705882353
745,1,45.74,38.568627450980394
746,1,47.73,36.78823529411765
747,1,46.82,41.10980392156863
748,1,54.83,44.345098039215685
749,1,56.34,41.772549019607844
750,1,55.3,46.10980392156863
751,1,53.9,36.858823529411765
752,1,54.28,44.08627450980392
753,1,64.42,27.929411764705883
754,1,62.05,38.509803921568626
755,1,53.08,36.21176470588235
756,1,58.89,36.745098039215684
757,1,51.4,35.898039215686275
758,1,50.48,34.97254901960784
759,1,71.26,38.811764705882354
760,1,58.15,44.52156862745098
761,1,53.66,40.247058823529414
762,1,61.2,34.38823529411765
763,1,52.61,43.16078431372549
764,1,53.01,38.8156862745098
765,1,64.31,32.549019607843135
766,1,65.25,37.64313725490196
767,1,43.97,35.588235294117645
768,1,53.9,33.19607843137255
769,1,69.09,35.090196078431376
770,1,51.22,43.41960784313726
771,1,64.78,39.247058823529414
772,1,49.77,33.72549019607843
773,1,48.24,35.72941176470588
774,1,44.52,38.72941176470588
775,1,45.53,34.50588235294118
776,1,48.24,34.47843137254902
777,1,58.35,44.29803921568627
778,1,57.53,34.01176470588236
779,1,50.05,38.909803921568624
780,1,62.2,45.76078431372549
781,1,72.38,31.690196078431374
782,1,50.98,40.23137254901961
783,1,53.73,44.258823529411764
784,1,65.39,41.76470588235294
785,1,55.07,41.549019607843135
786,1,44.26,35.294117647058826
787,1,49.37,35.24313725490196
788,1,50.88,41.85490196078431
789,1,46.35,40.11764705882353
790,1,58.83,43.86274509803921
791,1,50.59,37.59607843137255
792,1,51.28,38.27058823529412
793,1,55.36,26.87843137254902
794,1,50.75,38.13333333333333
795,1,49.52,40.75686274509804
796,1,68.89,40.22352941176471
797,1,49.9,36.8
798,1,45.29,38.47450980392157
799,1,55.42,39.705882352941174
800,1,58.18,28.24705882352941
801,1,58.79,44.062745098039215
802,1,57.87,30.227450980392156
803,1,45.11,36.77647058823529
804,1,71.67,36.8156862745098
805,1,62.45,36.60392156862745
806,1,53.27,30.75686274509804
807,1,58.36,33.062745098039215
808,1,62.95,43.219607843137254
809,1,46.66,37.1843137254902
810,1,67.75,39.70196078431373
811,1,45.03,38.831372549019605
812,1,74.21,42.384313725490195
813,1,52.25,39.05490196078431
814,1,61.13,36.576470588235296
815,1,72.35,42.06666666666667
816,1,47.95,33.12549019607843
817,1,69.17,41.63137254901961
818,1,57.46,40.509803921568626
819,1,66.31,44.898039215686275
820,1,62.73,33.8078431372549
821,1,51.64,40.266666666666666
822,1,50.4,41.51764705882353
823,1,50.56,42.52549019607843
824,1,50.36,42.86666666666667
825,1,53.47,43.28235294117647
826,1,61.64,39.733333333333334
827,1,58.44,44.537254901960786
828,1,68.92,39.85098039215686
829,1,49.43,40.752941176470586
830,1,72.85,36.78431372549019
831,1,46.69,33.61176470588235
832,1,64.0,35.227450980392156
833,1,48.58,42.490196078431374
834,1,54.78,42.21176470588235
835,1,59.51,37.76470588235294
836,1,55.32,33.15294117647059
837,1,49.35,39.266666666666666
838,1,71.78,33.227450980392156
839,1,52.49,37.0
840,1,62.95,46.24313725490196
841,1,44.6,38.05490196078431
842,1,66.5,33.21568627450981
843,1,61.07,42.4
844,1,64.03,44.43529411764706
845,1,59.33,45.043137254901964
846,1,46.73,36.09803921568628
847,1,64.06,40.65098039215686
848,1,53.49,41.745098039215684
849,1,45.38,38.03529411764706
850,1,61.78,34.74901960784314
851,1,48.97,38.52156862745098
852,1,58.51,43.54117647058823
853,1,57.85,42.101960784313725
854,1,49.77,33.25098039215686
855,1,50.66,43.98039215686274
856,1,50.1,37.509803921568626
857,1,69.82,35.98823529411764
858,1,53.12,35.83529411764706
859,1,52.85,37.741176470588236
860,1,63.88,43.345098039215685
861,1,72.94,38.247058823529414
862,1,72.02,38.57254901960784
863,1,59.24,41.23529411764706
864,1,50.51,40.666666666666664
865,1,53.1,42.75686274509804
866,1,56.53,41.898039215686275
867,1,53.9,43.95294117647059
868,1,58.54,40.6
869,1,51.81,32.68627450980392
870,1,52.25,32.23137254901961
871,1,57.48,32.97254901960784
872,1,69.6,37.8235294117647
873,1,51.65,41.30980392156863
874,1,66.16,48.4
875,1,56.4,33.062745098039215
876,1,63.73,43.015686274509804
877,1,48.9,34.25098039215686
878,1,55.56,40.36470588235294
879,1,52.64,39.498039215686276
880,1,51.35,29.580392156862747
881,1,48.2,41.21568627450981
882,1,67.51,38.14509803921569
883,1,59.54,35.0
884,1,58.75,33.286274509803924
885,1,61.66,35.207843137254905
886,1,61.27,38.41960784313726
887,1,45.08,38.384313725490195
888,1,62.32,35.02745098039216
889,1,52.78,30.59607843137255
890,1,50.13,31.894117647058824
891,1,46.49,38.780392156862746
892,1,54.93,43.141176470588235
893,1,52.64,36.42745098039216
894,1,48.61,36.63137254901961
895,1,53.45,43.60392156862745
896,1,52.27,43.254901960784316
897,1,47.64,37.15686274509804
898,1,64.15,37.015686274509804
899,1,52.58,42.96078431372549
900,1,49.1,38.73725490196078
901,1,74.38,39.88627450980392
902,1,73.15,36.470588235294116
903,1,52.0,43.180392156862744
904,1,61.27,35.745098039215684
905,1,57.76,32.713725490196076
906,1,66.71,35.286274509803924
907,1,52.81,41.14901960784314
908,1,53.69,33.78823529411765
909,1,54.9,32.976470588235294
910,1,58.91,43.82745098039216
911,1,59.42,38.79607843137255
912,1,65.04,39.83921568627451
913,1,50.77,36.188235294117646
914,1,74.16,31.866666666666667
915,1,59.9,36.92156862745098
916,1,48.92,35.01176470588236
917,1,48.54,36.09411764705882
918,1,57.12,44.55294117647059
919,1,60.45,40.65882352941176
920,1,68.14,39.976470588235294
921,1,49.81,38.58039215686274
922,1,44.58,39.490196078431374
923,1,67.45,40.52156862745098
924,1,46.27,40.76862745098039
925,1,70.04,43.27058823529412
926,1,72.28,40.4156862745098
927,1,46.12,37.858823529411765
928,1,51.63,42.10980392156863
929,1,44.67,36.83921568627451
930,1,47.07,35.450980392156865
931,1,68.38,37.78823529411765
932,1,46.04,37.8078431372549
933,1,58.56,40.31372549019608
934,1,65.2,43.92549019607843
935,1,58.67,41.55294117647059
936,1,44.83,36.85490196078431
937,1,58.86,41.14509803921569
938,1,45.73,40.61176470588235
939,1,49.58,38.60392156862745
940,1,60.34,35.56470588235294
941,1,53.09,38.003921568627455
942,1,63.41,39.858823529411765
943,1,53.88,38.61176470588235
944,1,55.6,39.25098039215686
945,1,51.16,42.43921568627451
946,1,67.53,40.003921568627455
947,1,45.53,41.023529411764706
948,1,44.85,39.741176470588236
949,1,46.49,35.23921568627451
950,1,69.18,37.02745098039216
951,1,68.63,38.062745098039215
952,1,46.69,38.98823529411764
953,1,44.53,36.015686274509804
954,1,53.18,43.17254901960784
955,1,46.29,37.90196078431372
956,1,48.96,35.07450980392157
957,1,51.65,41.858823529411765
958,1,64.04,31.50980392156863
959,1,44.85,39.13725490196079
960,1,59.84,38.870588235294115
961,1,44.13,37.67058823529412
962,1,48.7,42.188235294117646
963,1,48.5,38.831372549019605
964,1,57.31,39.65882352941176
965,1,64.8,33.8078431372549
966,1,61.67,39.1921568627451
967,1,55.05,43.77647058823529
968,1,55.95,30.7921568627451
969,1,47.61,39.70980392156863
970,1,58.99,35.45882352941177
971,1,56.49,43.38039215686275
972,1,58.55,44.09411764705882
973,1,59.95,36.6
974,1,47.58,33.15294117647059
975,1,56.67,42.180392156862744
976,1,53.05,43.63529411764706
977,1,63.11,32.31764705882353
978,1,55.98,38.062745098039215
979,1,52.38,38.752941176470586
980,1,58.91,42.10588235294118
981,1,59.42,35.258823529411764
982,1,47.22,34.56470588235294
983,1,71.98,43.11372549019608
984,1,53.21,42.83921568627451
985,1,64.56,40.101960784313725
986,1,45.25,36.207843137254905
987,1,46.05,37.98823529411764
988,1,50.28,30.51372549019608
989,1,60.31,35.07843137254902
990,1,52.42,38.996078431372545
991,1,60.37,31.32941176470588
992,1,50.59,37.09411764705882
993,1,67.61,32.90196078431372
994,1,48.21,34.501960784313724
995,1,59.05,32.60392156862745
996,1,51.78,42.537254901960786
997,1,48.01,40.45882352941177
998,1,55.1,41.96862745098039
999,1,68.36,44.23529411764706
1000,1,52.89,34.07450980392157
1001,1,46.35,35.38823529411765
1002,1,54.71,43.59607843137255
1003,1,62.99,44.227450980392156
1004,1,49.62,41.082352941176474
1005,1,67.55,30.345098039215685
1006,1,64.93,42.51372549019608
1007,1,58.18,46.67843137254902
1008,1,45.77,36.325490196078434
1009,1,50.34,43.48627450980392
1010,1,55.03,43.509803921568626
1011,1,54.52,37.0
1012,1,65.36,36.811764705882354
1013,1,54.37,43.003921568627455
1014,1,51.29,39.27450980392157
1015,1,48.62,36.411764705882355
1016,1,47.58,43.0078431372549
1017,1,54.52,41.41960784313726
1018,1,45.75,32.003921568627455
1019,1,58.38,33.568627450980394
1020,1,57.32,29.015686274509804
1021,1,50.25,40.63921568627451
1022,1,57.53,39.07058823529412
1023,1,48.34,41.772549019607844
1024,1,59.76,44.258823529411764
1025,1,55.93,39.26274509803922
1026,1,69.43,42.792156862745095
1027,1,69.12,37.42745098039216
1028,1,58.64,43.0078431372549
1029,1,57.17,34.705882352941174
1030,1,70.11,38.75686274509804
1031,1,67.41,30.007843137254902
1032,1,51.67,38.72549019607843
1033,4,83.78,41.996078431372545
1034,4,98.91,41.247058823529414
1035,4,96.74,55.74901960784314
1036,4,98.83,48.694117647058825
1037,4,87.65,47.003921568627455
1038,4,84.71,50.57254901960784
1039,4,85.76,43.63529411764706
1040,4,88.9,46.03921568627451
1041,4,108.6,58.05882352941177
1042,4,83.36,46.58039215686274
1043,4,90.51,54.14901960784314
1044,4,95.95,53.090196078431376
1045,4,101.08,41.47843137254902
1046,4,92.34,52.9921568627451
1047,4,99.42,48.26274509803922
1048,4,89.9,53.819607843137256
1049,4,82.5,60.258823529411764
1050,4,94.45,50.227450980392156
1051,4,90.56,47.345098039215685
1052,4,104.73,44.411764705882355
1053,4,100.31,61.1764705882353
1054,4,101.48,53.3921568627451
1055,4,85.4,50.423529411764704
1056,4,89.33,48.819607843137256
1057,4,86.52,48.92156862745098
1058,4,90.62,47.30980392156863
1059,4,87.62,46.07058823529412
1060,4,103.96,53.792156862745095
1061,4,91.98,46.07058823529412
1062,4,92.47,57.627450980392155
1063,4,105.86,47.74901960784314
1064,4,97.29,53.984313725490196
1065,4,101.78,49.97254901960784
1066,4,87.1,43.19607843137255
1067,4,90.87,43.94509803921569
1068,4,88.16,47.39607843137255
1069,4,83.46,51.31764705882353
1070,4,104.05,61.08627450980392
1071,4,100.05,65.95294117647059
1072,4,87.67,52.46666666666667
1073,4,103.27,34.98823529411764
1074,4,98.93,49.24313725490196
1075,4,84.61,47.8235294117647
1076,4,99.96,43.32941176470588
1077,4,95.0,56.15686274509804
1078,4,84.93,66.87058823529412
1079,4,91.66,49.75686274509804
1080,4,105.31,50.1921568627451
1081,4,84.25,56.090196078431376
1082,4,91.98,43.549019607843135
1083,4,107.05,48.16470588235294
1084,4,97.17,46.8235294117647
1085,4,100.66,54.14509803921569
1086,4,101.28,65.25490196078431
1087,4,85.96,51.09411764705882
1088,4,98.84,62.34901960784314
1089,4,97.45,50.01960784313726
1090,4,87.13,39.96862745098039
1091,4,99.13,48.48235294117647
1092,4,107.15,38.654901960784315
1093,4,84.84,53.83529411764706
1094,4,91.5,51.07450980392157
1095,4,90.93,47.94509803921569
1096,4,83.73,45.588235294117645
1097,4,83.95,46.266666666666666
1098,4,92.17,51.69019607843137
1099,4,93.16,43.549019607843135
1100,4,95.02,54.07058823529412
1101,4,88.88,47.752941176470586
1102,4,91.39,42.898039215686275
1103,4,83.05,49.2
1104,4,104.84,51.13333333333333
1105,4,85.18,45.372549019607845
1106,4,91.96,45.94117647058823
1107,4,99.52,54.76862745098039
1108,4,87.75,56.66274509803922
1109,4,89.02,49.509803921568626
1110,4,102.71,42.549019607843135
1111,4,103.17,42.60392156862745
1112,4,88.36,49.64313725490196
1113,4,102.43,58.71764705882353
1114,4,101.14,36.294117647058826
1115,4,84.76,57.11764705882353
1116,4,88.88,45.180392156862744
1117,4,92.4,43.549019607843135
1118,4,88.71,60.949019607843134
1119,4,91.59,52.09803921568628
1120,4,87.91,49.28235294117647
1121,4,86.6,43.78823529411765
1122,4,91.47,51.88235294117647
1123,4,84.14,50.705882352941174
1124,4,108.31,51.28235294117647
1125,4,90.35,45.733333333333334
1126,4,89.05,50.96470588235294
1127,4,101.05,50.254901960784316
1128,4,88.59,48.77647058823529
1129,4,99.25,59.75686274509804
1130,4,95.02,47.09411764705882
1131,4,88.63,40.023529411764706
1132,4,86.27,43.23137254901961
1133,4,92.64,44.2
1134,4,104.4,43.615686274509805
1135,4,107.62,37.01960784313726
1136,4,105.51,51.69803921568627
1137,4,90.07,61.88627450980392
1138,4,96.13,57.015686274509804
1139,4,91.12,50.88235294117647
1140,4,88.78,44.10588235294118
1141,4,104.53,55.51372549019608
1142,4,109.53,48.94509803921569
1143,4,102.96,56.91372549019608
1144,4,102.78,51.67058823529412
1145,4,98.51,51.83529411764706
1146,4,95.53,46.811764705882354
1147,4,88.14,54.254901960784316
1148,4,99.94,68.43137254901961
1149,4,100.0,42.811764705882354
1150,4,83.49,43.58039215686274
1151,4,92.72,49.23137254901961
1152,4,100.89,53.38823529411765
1153,4,105.12,54.68235294117647
1154,4,89.28,34.48235294117647
1155,4,84.77,52.54509803921569
1156,4,96.56,53.44313725490196
1157,4,98.53,53.0078431372549
1158,4,106.14,54.88235294117647
1159,4,108.25,45.67843137254902
1160,4,89.67,62.529411764705884
1161,4,102.45,31.572549019607845
1162,4,87.76,50.57254901960784
1163,4,100.7,52.33725490196078
1164,4,92.1,52.28235294117647
1165,4,89.22,47.11372549019608
1166,4,105.54,63.39607843137255
1167,4,86.05,48.61960784313725
1168,4,83.94,47.78823529411765
1169,4,95.13,49.082352941176474
1170,4,91.75,41.07843137254902
1171,4,84.23,43.98039215686274
1172,4,96.97,51.501960784313724
1173,4,84.09,42.08627450980392
1174,4,98.53,46.15686274509804
1175,4,102.53,52.219607843137254
1176,4,98.07,49.29803921568627
1177,4,102.86,53.6078431372549
1178,4,89.48,48.15686274509804
1179,4,88.55,55.90588235294118
1180,4,93.6,46.98039215686274
1181,4,87.28,54.05882352941177
1182,4,108.79,52.94117647058823
1183,4,94.11,55.949019607843134
1184,4,95.0,55.03921568627451
1185,4,83.01,45.73725490196078
1186,4,102.43,48.61960784313725
1187,4,102.72,54.082352941176474
1188,4,106.35,55.85098039215686
1189,4,87.02,47.180392156862744
1190,4,98.55,44.694117647058825
1191,4,91.29,49.44313725490196
1192,4,88.79,43.51764705882353
1193,4,97.33,45.23137254901961
1194,4,91.28,53.74901960784314
1195,4,104.11,50.66274509803922
1196,4,100.84,53.219607843137254
1197,4,92.42,38.4078431372549
1198,4,82.28,50.207843137254905
1199,4,91.65,55.72156862745098
1200,4,86.13,50.98039215686274
1201,4,92.05,50.03137254901961
1202,4,81.37,54.8235294117647
1203,4,106.11,52.40392156862745
1204,4,94.78,50.1921568627451
1205,4,89.12,48.490196078431374
1206,4,92.79,41.83921568627451
1207,4,102.85,56.63137254901961
1208,4,95.78,54.858823529411765
1209,4,95.93,51.90588235294118
1210,4,102.76,40.86666666666667
1211,4,92.98,37.43529411764706
1212,4,93.01,51.65098039215686
1213,4,83.85,48.062745098039215
1214,4,83.0,49.95294117647059
1215,4,88.74,49.129411764705885
1216,4,104.43,53.0078431372549
1217,4,96.08,56.94117647058823
1218,4,100.2,53.28235294117647
1219,4,88.78,32.30980392156863
1220,4,86.1,47.10588235294118
1221,4,101.76,53.56078431372549
1222,4,96.83,56.38039215686275
1223,4,86.61,48.29019607843137
1224,4,90.31,44.21176470588235
1225,4,87.36,43.549019607843135
1226,4,82.15,51.94117647058823
1227,4,101.56,58.02745098039216
1228,4,88.49,53.86274509803921
1229,4,93.21,43.37647058823529
1230,4,82.31,39.52549019607843
1231,4,101.92,54.705882352941174
1232,4,92.33,54.38039215686275
1233,4,97.37,48.615686274509805
1234,4,84.12,46.86274509803921
1235,4,99.24,49.19607843137255
1236,4,104.51,59.32941176470588
1237,4,90.18,37.1764705882353
1238,4,91.78,48.917647058823526
1239,4,90.03,47.305882352941175
1240,4,91.31,49.266666666666666
1241,4,90.17,51.48235294117647
1242,4,92.9,54.07450980392157
1243,4,94.85,55.39607843137255
1244,4,103.08,42.11764705882353
1245,4,97.4,51.325490196078434
1246,4,86.07,53.5921568627451
1247,4,102.58,55.29019607843137
1248,4,93.42,36.090196078431376
1249,4,97.13,36.9921568627451
1250,4,87.04,51.24313725490196
1251,4,94.18,54.89019607843137
1252,4,89.14,40.88627450980392
1253,4,97.48,35.83529411764706
1254,4,86.87,51.75686274509804
1255,4,99.64,39.59607843137255
1256,4,96.12,54.43921568627451
1257,4,95.67,50.325490196078434
1258,4,88.52,48.6
1259,4,89.26,65.00392156862745
1260,4,102.4,39.01176470588236
1261,4,84.83,55.141176470588235
1262,4,106.9,55.83921568627451
1263,4,86.05,62.003921568627455
1264,4,93.82,40.55294117647059
1265,4,84.67,50.8
1266,4,99.9,65.36078431372549
1267,4,91.52,53.180392156862744
1268,4,101.22,51.80392156862745
1269,4,100.38,41.16078431372549
1270,4,103.85,43.498039215686276
1271,4,92.02,50.64313725490196
1272,4,98.12,52.6
1273,4,102.84,60.8
1274,4,103.83,52.247058823529414
1275,4,102.73,55.11764705882353
1276,4,99.14,54.36862745098039
1277,4,95.85,53.16470588235294
1278,4,96.25,42.752941176470586
1279,4,97.79,42.91372549019608
1280,4,102.11,59.52156862745098
1281,4,89.49,49.01176470588236
1282,4,99.15,57.247058823529414
1283,4,96.4,51.431372549019606
1284,4,108.55,48.50588235294118
1285,4,92.24,43.38823529411765
1286,4,97.92,45.509803921568626
1287,4,98.21,48.66274509803922
1288,4,97.6,41.52156862745098
1289,4,92.15,50.21176470588235
1290,4,90.8,46.24313725490196
1291,4,83.18,50.996078431372545
1292,4,108.96,44.45490196078431
1293,4,95.25,41.39607843137255
1294,4,98.33,57.94509803921569
1295,4,86.57,56.168627450980395
1296,4,98.9,51.31764705882353
1297,4,87.72,61.870588235294115
1298,4,98.84,50.89019607843137
1299,4,89.03,44.14901960784314
1300,4,97.76,51.02745098039216
1301,4,88.13,47.51372549019608
1302,4,94.2,39.286274509803924
1303,4,99.73,56.70196078431373
1304,4,100.15,63.01176470588236
1305,4,100.86,46.80392156862745
1306,4,97.81,50.78431372549019
1307,4,103.6,51.90196078431372
1308,4,95.71,45.87450980392157
1309,4,96.92,54.470588235294116
1310,4,106.44,51.705882352941174
1311,4,92.3,32.12549019607843
1312,4,86.79,48.180392156862744
1313,4,94.72,56.16470588235294
1314,4,99.93,37.4078431372549
1315,4,100.54,57.96078431372549
1316,4,99.96,53.984313725490196
1317,4,96.64,41.98039215686274
1318,4,91.46,48.305882352941175
1319,4,81.64,50.92156862745098
1320,4,88.35,36.752941176470586
1321,4,91.94,49.63137254901961
1322,4,93.83,36.72941176470588
1323,4,96.91,59.69019607843137
1324,4,92.28,54.168627450980395
1325,4,85.17,52.023529411764706
1326,4,102.1,50.34117647058824
1327,4,99.41,57.36470588235294
1328,4,96.24,64.34509803921569
1329,4,88.03,56.87450980392157
1330,4,101.24,47.8
1331,4,84.28,46.69803921568627
1332,4,96.28,54.5921568627451
1333,4,97.26,40.8156862745098
1334,4,93.31,39.36862745098039
1335,4,93.0,61.31372549019608
1336,4,99.29,51.490196078431374
1337,4,86.63,50.4156862745098
1338,4,83.83,44.384313725490195
1339,4,104.43,56.01176470588236
1340,4,90.33,48.38823529411765
1341,4,96.05,49.529411764705884
1342,4,87.22,47.56078431372549
1343,4,89.38,66.45098039215686
1344,4,101.49,43.576470588235296
1345,4,103.6,49.588235294117645
1346,4,81.91,44.44705882352941
1347,4,88.16,48.8078431372549
1348,4,86.29,47.3921568627451
1349,4,90.65,59.31372549019608
1350,4,90.95,42.780392156862746
1351,4,101.3,42.772549019607844
1352,4,87.65,51.67058823529412
1353,4,91.9,57.71764705882353
1354,4,88.35,54.58039215686274
1355,4,92.84,51.78431372549019
1356,4,86.37,52.10980392156863
1357,4,91.44,41.53333333333333
1358,4,96.71,52.05882352941177
1359,4,96.56,49.509803921568626
1360,4,97.18,67.8
1361,4,93.93,45.60392156862745
1362,4,85.72,49.76862745098039
1363,4,99.48,67.6313725490196
1364,4,85.45,61.305882352941175
1365,4,94.74,38.29803921568627
1366,4,90.82,54.73725490196078
1367,4,86.41,47.61960784313725
1368,4,90.93,58.86666666666667
1369,4,105.31,70.14901960784314
1370,4,94.87,48.50588235294118
1371,4,92.82,56.780392156862746
1372,4,86.59,50.1764705882353
1373,4,87.01,45.27450980392157
1374,4,86.01,56.33725490196078
1375,4,98.35,55.92156862745098
1376,4,85.38,66.02745098039216
1377,4,86.22,39.22352941176471
1378,4,92.06,37.537254901960786
1379,4,84.88,48.023529411764706
1380,4,84.49,50.898039215686275
1381,4,95.41,37.28235294117647
1382,4,102.34,54.0078431372549
1383,4,81.84,50.8156862745098
1384,4,87.28,45.423529411764704
1385,4,87.12,49.98823529411764
1386,4,86.96,49.82745098039216
1387,4,106.38,42.45490196078431
1388,4,92.47,51.43529411764706
1389,4,85.96,46.42745098039216
1390,4,100.23,45.07843137254902
1391,4,99.45,49.03137254901961
1392,4,100.62,37.29019607843137
1393,4,89.05,47.07058823529412
1394,4,85.19,44.023529411764706
1395,4,99.66,54.576470588235296
1396,4,92.52,55.09803921568628
1397,4,96.3,56.33725490196078
1398,4,99.81,49.43921568627451
1399,4,102.02,46.70196078431373
1400,4,91.08,44.12549019607843
1401,4,86.18,49.85098039215686
1402,4,93.14,41.188235294117646
1403,4,105.87,44.16470588235294
1404,4,102.1,54.13333333333333
1405,4,85.84,52.29803921568627
1406,4,83.64,46.30980392156863
1407,4,97.48,65.83529411764705
1408,4,89.13,44.21568627450981
1409,4,95.07,52.15294117647059
1410,4,99.94,40.423529411764704
1411,4,96.99,45.858823529411765
1412,4,84.03,48.03921568627451
1413,4,89.07,46.956862745098036
1414,4,83.15,53.4156862745098
1415,4,102.4,53.77647058823529
1416,4,91.29,51.3921568627451
1417,4,83.38,50.3921568627451
1418,4,97.39,49.70980392156863
1419,4,106.08,47.88627450980392
1420,4,93.8,56.30980392156863
1421,4,86.27,48.76862745098039
1422,4,98.77,51.180392156862744
1423,4,104.61,37.32156862745098
1424,4,84.47,47.6
1425,4,98.4,46.537254901960786
1426,4,93.47,54.713725490196076
1427,4,95.16,50.10588235294118
1428,4,83.2,46.77647058823529
1429,4,102.59,49.16470588235294
1430,4,86.75,43.819607843137256
1431,4,88.78,38.258823529411764
1432,4,101.8,53.63137254901961
1433,4,89.31,58.023529411764706
1434,4,98.36,46.51372549019608
1435,4,97.95,42.77647058823529
1436,4,86.9,59.72941176470588
1437,4,98.52,55.03529411764706
1438,4,87.85,51.43529411764706
1439,4,100.6,55.15686274509804
1440,4,89.17,50.47450980392157
1441,4,83.12,46.25098039215686
1442,4,94.4,49.1921568627451
1443,4,106.48,52.16078431372549
1444,4,95.89,48.66274509803922
1445,4,102.15,56.01176470588236
1446,4,89.68,53.509803921568626
1447,4,93.13,55.05490196078431
1448,4,88.65,48.84705882352941
1449,4,82.87,45.141176470588235
1450,4,105.56,51.60392156862745
1451,4,107.88,35.227450980392156
1452,4,95.45,48.42745098039216
1453,4,101.32,51.85098039215686
1454,4,90.35,54.83529411764706
1455,4,95.54,47.003921568627455
1456,4,92.11,59.34117647058824
1457,4,105.03,47.996078431372545
1458,4,94.4,47.08627450980392
1459,4,105.18,29.40392156862745
1460,4,97.63,47.8156862745098
1461,4,107.49,52.023529411764706
1462,4,96.76,41.91372549019608
1463,4,94.01,55.33725490196078
1464,4,86.34,45.141176470588235
1465,4,102.4,49.94509803921569
1466,4,93.63,48.745098039215684
1467,4,104.86,51.16078431372549
1468,4,98.53,69.77254901960784
1469,4,101.87,48.24313725490196
1470,4,82.13,49.63921568627451
1471,4,95.2,50.294117647058826
1472,4,98.5,51.87450980392157
1473,4,91.78,45.49411764705882
1474,4,87.88,44.752941176470586
1475,4,98.92,52.38039215686275
1476,4,101.88,51.48235294117647
1477,4,83.37,42.470588235294116
1478,4,99.69,53.37647058823529
1479,4,85.28,52.219607843137254
1480,4,105.43,73.86274509803921
1481,4,103.8,51.83529411764706
1482,4,99.49,43.3921568627451
1483,4,99.82,46.870588235294115
1484,4,83.52,38.180392156862744
1485,4,100.31,55.75686274509804
1486,4,98.45,51.10980392156863
1487,4,98.12,53.76078431372549
1488,4,91.7,54.423529411764704
1489,4,95.74,45.141176470588235
1490,4,97.98,50.996078431372545
1491,4,93.97,44.090196078431376
1492,4,83.35,52.66274509803922
1493,4,99.6,56.62352941176471
1494,4,90.8,41.101960784313725
1495,4,100.05,53.1843137254902
1496,4,89.51,35.09411764705882
1497,4,87.48,43.82745098039216
1498,4,98.71,55.10980392156863
1499,4,101.63,56.705882352941174
1500,4,92.45,47.43529411764706
1501,4,91.39,51.423529411764704
1502,4,87.32,50.917647058823526
1503,4,92.34,38.8078431372549
1504,4,87.08,53.70980392156863
1505,4,96.47,52.615686274509805
1506,4,89.16,52.75686274509804
1507,4,87.9,42.45882352941177
1508,4,102.11,41.490196078431374
1509,4,93.79,54.0
1510,4,85.31,51.61960784313725
1511,4,84.26,40.88627450980392
1512,4,92.16,54.956862745098036
1513,4,96.19,43.70196078431373
1514,4,97.7,52.949019607843134
1515,4,82.13,53.87450980392157
1516,4,103.79,54.976470588235294
1517,4,101.54,69.37254901960785
1518,4,86.89,49.01960784313726
1519,4,96.71,52.35294117647059
1520,4,101.62,44.26274509803922
1521,4,87.56,52.713725490196076
1522,4,100.82,52.050980392156866
1523,4,90.36,41.03921568627451
1524,4,86.03,42.50588235294118
1525,4,86.19,56.76862745098039
1526,4,99.35,56.23137254901961
1527,4,101.36,39.75686274509804
1528,4,90.56,54.015686274509804
1529,4,82.5,45.752941176470586
1530,4,84.07,45.65098039215686
1531,4,91.18,45.48235294117647
1532,4,97.53,47.462745098039214
1533,4,84.82,53.20392156862745
1534,4,83.45,45.09411764705882
1535,4,92.69,41.05490196078431
1536,4,87.11,55.984313725490196
1537,4,106.2,45.52156862745098
1538,4,96.39,33.92941176470588
1539,4,104.87,55.33725490196078
1540,4,103.51,58.258823529411764
1541,4,91.64,37.69803921568627
1542,4,95.05,49.23529411764706
1543,4,88.0,50.6078431372549
1544,4,100.02,48.64313725490196
1545,4,96.08,46.666666666666664
1546,4,86.84,45.705882352941174
1547,4,97.96,64.76470588235294
1548,4,93.62,55.48235294117647
1549,4,103.79,53.258823529411764
1550,4,98.46,50.03921568627451
1551,4,93.76,48.75686274509804
1552,4,95.78,47.305882352941175
1553,4,103.37,64.02352941176471
1554,4,91.18,49.57254901960784
1555,4,84.24,45.24313725490196
1556,4,104.85,61.86666666666667
1557,4,103.33,45.55294117647059
1558,4,95.51,61.490196078431374
1559,4,89.53,49.5921568627451
1560,4,92.6,56.08627450980392
1561,4,84.07,58.450980392156865
1562,4,107.14,42.1921568627451
1563,4,90.29,38.247058823529414
1564,4,94.09,55.180392156862744
1565,4,105.29,50.21176470588235
1566,4,89.86,55.811764705882354
1567,4,107.22,58.10980392156863
1568,4,92.91,54.54509803921569
1569,4,106.62,53.58039215686274
1570,4,100.58,40.68627450980392
1571,4,93.04,46.4156862745098
1572,4,94.79,49.909803921568624
1573,4,86.84,39.13725490196079
1574,4,91.56,46.77647058823529
1575,4,96.61,64.53333333333333
1576,4,85.59,42.01176470588236
1577,4,103.93,47.76862745098039
1578,4,96.12,51.34117647058824
1579,4,99.51,53.25098039215686
1580,4,87.55,39.94509803921569
1581,4,99.97,46.207843137254905
1582,4,95.41,46.88235294117647
1583,4,87.22,42.69019607843137
1584,4,88.48,58.88235294117647
1585,4,88.94,53.831372549019605
1586,4,105.72,51.090196078431376
1587,4,83.02,62.411764705882355
1588,4,82.4,53.258823529411764
1589,4,100.89,59.90588235294118
1590,4,105.18,33.9921568627451
1591,4,88.39,50.003921568627455
1592,4,97.49,43.38823529411765
1593,4,87.63,45.050980392156866
1594,4,102.21,61.627450980392155
1595,4,103.47,44.61960784313725
1596,4,103.54,63.48235294117647
1597,4,105.94,52.42745098039216
1598,4,105.98,48.84705882352941
1599,4,98.06,56.3921568627451
1600,4,87.86,45.56078431372549
1601,4,89.67,52.09803921568628
1602,4,83.07,45.89019607843137
1603,4,95.93,60.54117647058823
1604,4,89.73,37.31764705882353
1605,4,90.2,49.85490196078431
1606,4,104.19,58.615686274509805
1607,4,93.56,44.70196078431373
1608,4,103.62,51.34901960784314
1609,4,84.84,58.090196078431376
1610,5,97.88,58.22352941176471
1611,5,103.56,61.04705882352941
1612,5,108.64,60.86274509803921
1613,5,107.84,61.831372549019605
1614,5,108.46,50.694117647058825
1615,5,88.75,65.56862745098039
1616,5,102.29,60.22352941176471
1617,5,93.56,63.305882352941175
1618,5,92.17,68.20392156862745
1619,5,93.03,46.94509803921569
1620,5,93.47,58.6
1621,5,93.6,64.36470588235294
1622,5,84.63,59.92549019607843
1623,5,101.23,54.03921568627451
1624,5,98.31,61.576470588235296
1625,5,101.83,65.65490196078431
1626,5,95.5,51.07450980392157
1627,5,87.8,56.4156862745098
1628,5,91.33,50.82745098039216
1629,5,101.59,58.898039215686275
1630,5,86.64,63.266666666666666
1631,5,106.85,57.09803921568628
1632,5,93.38,74.04313725490196
1633,5,110.28,66.73333333333333
1634,5,113.79,51.305882352941175
1635,5,92.47,67.25098039215686
1636,5,88.37,65.24313725490197
1637,5,107.36,68.70980392156862
1638,5,97.41,57.258823529411764
1639,5,95.41,64.7607843137255
1640,5,106.98,49.549019607843135
1641,5,114.02,78.41960784313726
1642,5,112.98,43.4078431372549
1643,5,91.87,58.180392156862744
1644,5,106.4,62.129411764705885
1645,5,107.96,56.76862745098039
1646,5,94.01,60.84705882352941
1647,5,92.28,51.61176470588235
1648,5,101.29,48.8235294117647
1649,5,103.17,49.08627450980392
1650,5,99.0,67.1686274509804
1651,5,115.12,79.16078431372549
1652,5,109.38,62.65882352941176
1653,5,97.45,44.69803921568627
1654,5,88.53,54.65882352941176
1655,5,100.79,64.26274509803922
1656,5,95.46,65.81176470588235
1657,5,91.81,65.00784313725491
1658,5,106.82,64.00784313725491
1659,5,95.87,57.1921568627451
1660,5,95.41,60.792156862745095
1661,5,95.94,66.86666666666666
1662,5,86.76,66.2
1663,5,105.32,63.5843137254902
1664,5,91.39,62.54509803921569
1665,5,95.56,68.25490196078431
1666,5,102.49,48.89411764705882
1667,5,99.4,46.68235294117647
1668,5,107.73,57.14509803921569
1669,5,85.95,64.96862745098039
1670,5,98.11,55.015686274509804
1671,5,92.29,57.85098039215686
1672,5,102.93,64.90196078431373
1673,5,102.63,60.46666666666667
1674,5,103.44,61.705882352941174
1675,5,98.19,50.65098039215686
1676,5,101.05,64.6156862745098
1677,5,110.26,47.54509803921569
1678,5,98.46,63.13725490196079
1679,5,98.01,53.60392156862745
1680,5,99.89,38.66274509803922
1681,5,91.71,67.96470588235294
1682,5,107.47,59.48627450980392
1683,5,105.74,49.2
1684,5,103.53,72.05490196078432
1685,5,102.73,42.976470588235294
1686,5,94.13,66.41176470588235
1687,5,102.62,60.090196078431376
1688,5,97.95,66.44313725490196
1689,5,109.24,71.03529411764706
1690,5,94.31,58.0
1691,5,103.36,59.694117647058825
1692,5,103.7,64.84313725490196
1693,5,104.99,51.254901960784316
1694,5,108.19,59.87450980392157
1695,5,97.24,59.8156862745098
1696,5,100.0,71.45882352941176
1697,5,98.61,58.588235294117645
1698,5,91.33,55.909803921568624
1699,5,106.24,63.03921568627451
1700,5,89.78,63.75686274509804
1701,5,95.29,61.666666666666664
1702,5,108.32,66.01176470588236
1703,5,89.0,57.89019607843137
1704,5,90.4,52.733333333333334
1705,5,96.21,52.19607843137255
1706,5,94.84,62.68627450980392
1707,5,104.43,71.34509803921569
1708,5,96.63,56.37647058823529
1709,5,84.98,66.12941176470588
1710,5,102.29,64.2156862745098
1711,5,88.82,63.88627450980392
1712,5,89.4,57.67843137254902
1713,5,90.18,56.45882352941177
1714,5,97.29,52.77647058823529
1715,5,100.49,80.38039215686274
1716,5,102.47,49.615686274509805
1717,5,116.26,62.4078431372549
1718,5,106.89,54.74901960784314
1719,5,89.67,63.72941176470588
1720,5,109.05,51.180392156862744
1721,5,106.89,51.05882352941177
1722,5,92.61,52.23137254901961
1723,5,92.28,53.11372549019608
1724,5,100.33,55.17254901960784
1725,5,100.03,54.43529411764706
1726,5,106.1,52.305882352941175
1727,5,107.27,60.43529411764706
1728,5,111.04,54.48235294117647
1729,5,91.7,59.949019607843134
1730,5,89.16,64.66274509803921
1731,5,99.85,57.48627450980392
1732,5,109.04,57.537254901960786
1733,5,113.22,54.42745098039216
1734,5,110.07,74.52156862745097
1735,5,91.95,64.04705882352941
1736,5,103.89,69.26666666666667
1737,5,96.31,50.32156862745098
1738,5,93.61,66.8078431372549
1739,5,94.31,62.65882352941176
1740,5,92.24,57.450980392156865
1741,5,96.22,65.72941176470589
1742,5,102.05,56.35686274509804
1743,5,100.82,70.5921568627451
1744,5,116.82,43.83529411764706
1745,5,90.01,53.50588235294118
1746,5,117.1,68.81960784313725
1747,5,106.6,45.509803921568626
1748,5,99.8,54.28235294117647
1749,5,87.97,57.75686274509804
1750,5,107.22,68.25882352941177
1751,5,107.32,40.51372549019608
1752,5,89.26,56.4
1753,5,89.0,64.04705882352941
1754,5,100.38,69.58823529411765
1755,5,93.82,58.03529411764706
1756,5,88.84,63.423529411764704
1757,5,94.6,57.69803921568627
1758,5,110.91,47.45882352941177
1759,5,99.37,57.34901960784314
1760,5,88.27,56.752941176470586
1761,5,103.24,64.49803921568628
1762,5,116.59,52.75686274509804
1763,5,87.37,57.92549019607843
1764,5,90.17,57.576470588235296
1765,5,88.65,61.6078431372549
1766,5,100.71,58.13725490196079
1767,5,97.26,57.21568627450981
1768,5,92.65,64.92156862745098
1769,5,85.25,62.44705882352941
1770,5,89.37,67.77254901960784
1771,5,107.47,62.372549019607845
1772,5,95.72,58.78823529411765
1773,5,108.44,67.85098039215686
1774,5,93.22,55.35686274509804
1775,5,95.89,68.06274509803922
1776,5,95.38,51.86274509803921
1777,5,98.86,50.12549019607843
1778,5,110.02,57.53333333333333
1779,5,99.8,53.31372549019608
1780,5,92.61,54.48627450980392
1781,5,98.46,60.30196078431373
1782,5,98.85,38.72941176470588
1783,5,86.43,64.94117647058823
1784,5,92.51,64.80392156862744
1785,5,100.05,48.956862745098036
1786,5,97.69,65.45882352941176
1787,5,92.69,64.48235294117647
1788,5,104.82,75.31764705882352
1789,5,97.2,50.34117647058824
1790,5,105.9,64.83529411764705
1791,5,112.25,65.10980392156863
1792,5,85.76,66.55686274509804
1793,5,116.56,44.69019607843137
1794,5,97.83,65.67450980392157
1795,5,95.09,60.372549019607845
1796,5,115.28,56.73725490196078
1797,5,96.45,47.77647058823529
1798,5,86.0,61.34117647058824
1799,5,100.22,55.09411764705882
1800,5,105.47,61.61176470588235
1801,5,89.03,48.69803921568627
1802,5,103.06,49.65882352941176
1803,5,94.98,56.345098039215685
1804,5,88.37,64.80392156862744
1805,5,91.69,64.0
1806,5,88.28,62.67843137254902
1807,5,90.44,64.28627450980392
1808,5,102.57,54.94509803921569
1809,5,99.5,66.43529411764706
1810,5,100.98,61.10980392156863
1811,5,112.64,56.227450980392156
1812,5,109.02,58.73725490196078
1813,5,104.02,66.23529411764706
1814,5,92.13,49.023529411764706
1815,5,92.16,60.56078431372549
1816,5,88.04,56.23137254901961
1817,5,93.25,44.54117647058823
1818,5,91.31,67.51764705882353
1819,5,89.15,63.63137254901961
1820,5,111.8,68.0
1821,5,104.21,56.05882352941177
1822,5,95.67,54.25098039215686
1823,5,96.44,49.0
1824,5,115.82,55.64705882352941
1825,5,102.14,60.050980392156866
1826,5,107.69,63.21568627450981
1827,5,85.75,69.00784313725491
1828,5,94.04,52.82745098039216
1829,5,90.05,57.96470588235294
1830,5,104.18,46.56078431372549
1831,5,94.02,59.33725490196078
1832,5,109.4,59.627450980392155
1833,5,95.01,67.30196078431372
1834,5,85.99,67.1686274509804
1835,5,108.29,45.67058823529412
1836,5,103.22,54.51764705882353
1837,5,97.9,45.305882352941175
1838,5,86.73,65.58823529411765
1839,5,88.72,51.858823529411765
1840,5,106.9,47.85490196078431
1841,5,87.03,68.52941176470588
1842,5,107.43,61.33725490196078
1843,5,113.79,44.67058823529412
1844,5,93.78,68.98039215686275
1845,5,86.71,65.6156862745098
1846,5,111.59,58.227450980392156
1847,5,100.6,53.12156862745098
1848,5,85.85,54.819607843137256
1849,5,85.5,60.64313725490196
1850,5,97.8,72.12549019607843
1851,5,104.2,65.54901960784314
1852,5,87.38,62.01960784313726
1853,5,103.52,64.6
1854,5,93.27,53.43529411764706
1855,5,104.96,49.003921568627455
1856,5,97.29,68.71764705882353
1857,5,110.87,65.7921568627451
1858,5,86.1,63.470588235294116
1859,5,110.55,69.01176470588236
1860,5,87.05,66.87450980392157
1861,5,96.26,63.062745098039215
1862,5,88.13,53.87450980392157
1863,5,115.15,53.90588235294118
1864,5,93.05,65.25490196078431
1865,5,107.55,60.501960784313724
1866,5,101.13,58.98039215686274
1867,5,101.32,62.36862745098039
1868,5,99.76,59.411764705882355
1869,5,86.71,46.21176470588235
1870,5,103.92,65.23529411764706
1871,5,107.1,67.52156862745097
1872,5,101.68,64.67058823529412
1873,5,93.51,57.72941176470588
1874,5,85.93,62.15686274509804
1875,5,107.02,53.82745098039216
1876,5,93.96,55.47843137254902
1877,5,113.56,66.77254901960784
1878,5,97.91,64.27843137254902
1879,5,95.86,69.5921568627451
1880,5,100.52,66.4235294117647
1881,5,91.4,61.258823529411764
1882,5,98.75,69.62745098039215
1883,5,104.57,68.88235294117646
1884,5,89.2,61.627450980392155
1885,5,105.3,66.76470588235294
1886,5,86.96,66.57254901960785
1887,5,102.47,62.36470588235294
1888,5,109.02,51.247058823529414
1889,5,95.65,59.76470588235294
1890,5,101.37,65.85098039215686
1891,5,99.79,63.03921568627451
1892,5,88.8,59.96470588235294
1893,5,90.71,59.529411764705884
1894,5,103.53,69.70196078431373
1895,5,92.02,68.81176470588235
1896,5,106.44,53.33725490196078
1897,5,105.06,65.98039215686275
1898,5,94.1,61.15686274509804
1899,5,107.74,68.25098039215686
1900,5,95.88,74.41960784313726
1901,5,93.27,68.97647058823529
1902,5,113.76,54.33725490196078
1903,5,85.15,59.705882352941174
1904,5,99.21,67.31372549019608
1905,5,104.64,68.41568627450981
1906,5,97.54,65.8078431372549
1907,5,99.4,45.11764705882353
1908,5,88.42,60.666666666666664
1909,5,105.14,58.16470588235294
1910,5,93.36,68.23529411764706
1911,5,94.97,59.40392156862745
1912,5,96.25,65.54509803921569
1913,5,88.95,67.2
1914,5,109.18,64.45882352941176
1915,5,89.28,56.16078431372549
1916,5,104.58,40.51764705882353
1917,5,87.81,60.74901960784314
1918,5,107.8,49.76470588235294
1919,5,92.84,60.870588235294115
1920,5,90.5,53.333333333333336
1921,5,91.72,48.89019607843137
1922,5,116.1,53.43529411764706
1923,5,97.84,57.976470588235294
1924,5,87.84,62.674509803921566
1925,5,85.67,60.22352941176471
1926,5,105.95,57.909803921568624
1927,5,105.62,65.44313725490196
1928,5,107.71,45.38823529411765
1929,5,102.65,71.00784313725491
1930,5,92.21,67.17254901960784
1931,5,89.66,51.27450980392157
1932,5,90.14,67.75686274509803
1933,5,91.91,61.47450980392157
1934,5,98.08,56.95294117647059
1935,5,105.89,65.65490196078431
1936,5,100.25,47.70980392156863
1937,5,89.49,72.6
1938,5,103.9,64.59607843137255
1939,5,99.07,63.8078431372549
1940,5,89.26,57.666666666666664
1941,5,89.72,64.05490196078432
1942,5,111.26,50.69803921568627
1943,5,87.46,61.68627450980392
1944,5,95.6,58.14901960784314
1945,5,100.26,64.3843137254902
1946,5,95.04,57.34117647058824
1947,5,92.17,51.84705882352941
1948,5,103.28,66.05882352941177
1949,5,93.1,58.568627450980394
1950,5,89.63,63.80392156862745
1951,5,97.75,61.227450980392156
1952,5,97.79,60.31764705882353
1953,5,110.78,53.141176470588235
1954,5,94.45,46.8235294117647
1955,5,100.53,72.30980392156863
1956,5,84.62,63.02745098039216
1957,5,106.93,54.13333333333333
1958,5,114.92,49.35294117647059
1959,5,108.44,61.45490196078431
1960,5,99.49,59.07843137254902
1961,5,110.28,50.65098039215686
1962,5,99.2,54.56078431372549
1963,5,97.85,56.345098039215685
1964,5,93.3,54.98823529411764
1965,5,93.31,60.43529411764706
1966,5,102.34,71.12941176470588
1967,5,109.09,55.10980392156863
1968,5,96.0,45.52549019607843
1969,5,88.98,62.54509803921569
1970,5,95.53,63.84705882352941
1971,5,97.37,66.03921568627452
1972,5,89.47,60.73725490196078
1973,5,89.22,56.870588235294115
1974,5,94.77,52.023529411764706
1975,5,99.59,58.85098039215686
1976,5,111.14,44.38823529411765
1977,5,86.58,59.733333333333334
1978,5,104.73,54.98039215686274
1979,5,107.58,52.10980392156863
1980,5,107.98,59.082352941176474
1981,5,99.13,46.89019607843137
1982,5,104.03,60.06666666666667
1983,5,94.45,62.45882352941177
1984,5,102.13,67.48627450980392
1985,5,108.88,54.05490196078431
1986,5,94.9,54.50588235294118
1987,5,86.26,70.40392156862745
1988,5,109.8,58.462745098039214
1989,5,107.99,58.84705882352941
1990,5,99.17,49.63921568627451
1991,5,103.8,56.07450980392157
1992,5,92.51,60.29803921568627
1993,5,95.85,64.27450980392157
1994,5,96.65,65.50196078431372
1995,5,91.21,58.65098039215686
1996,5,96.11,62.45490196078431
1997,5,114.56,42.16470588235294
1998,5,103.8,67.28627450980392
1999,5,103.16,56.294117647058826
2000,5,111.72,67.97254901960784
2001,5,93.78,65.94117647058823
2002,5,86.3,57.345098039215685
2003,5,111.55,71.33333333333333
2004,5,96.76,40.15294117647059
2005,5,91.04,59.85098039215686
2006,5,105.06,37.57254901960784
2007,5,111.19,59.141176470588235
2008,5,103.08,61.713725490196076
2009,5,87.45,62.02745098039216
2010,5,91.69,51.937254901960785
2011,5,111.08,61.227450980392156
2012,5,101.55,70.36470588235294
2013,5,96.81,72.2235294117647
2014,5,96.15,57.1764705882353
2015,5,91.79,54.58039215686274
2016,5,110.23,73.13725490196079
2017,5,101.92,68.65490196078431
2018,5,86.31,59.76470588235294
2019,5,107.45,57.345098039215685
2020,5,89.56,57.88627450980392
2021,5,102.6,67.12941176470588
2022,5,101.9,61.227450980392156
2023,5,93.95,56.772549019607844
2024,5,96.66,52.101960784313725
2025,5,103.89,37.6
2026,5,105.9,46.21176470588235
2027,5,94.28,55.247058823529414
2028,5,84.98,64.73333333333333
2029,5,113.31,67.05490196078432
2030,5,104.87,54.05882352941177
2031,5,97.75,67.55686274509804
2032,5,95.07,55.254901960784316
2033,5,103.62,55.02745098039216
2034,5,107.18,43.07058823529412
2035,5,115.12,53.43529411764706
2036,5,99.99,55.63921568627451
2037,5,90.19,60.509803921568626
2038,5,103.46,59.207843137254905
2039,5,107.76,57.03921568627451
2040,5,98.13,67.82352941176471
2041,5,103.34,67.27450980392157
2042,5,87.29,62.98039215686274
2043,5,88.09,47.2
2044,5,114.98,51.705882352941174
2045,5,102.01,69.89803921568627
2046,5,99.04,59.003921568627455
2047,5,95.13,69.35686274509804
2048,5,103.67,68.96470588235294
2049,5,85.22,65.67058823529412
2050,5,88.24,57.227450980392156
2051,5,102.12,68.53333333333333
2052,5,96.55,69.47450980392156
2053,5,110.27,65.82352941176471
2054,5,97.94,67.48235294117647
2055,5,99.66,50.10980392156863
2056,5,109.42,60.5843137254902
2057,5,93.76,53.24313725490196
2058,5,101.87,62.15686274509804
2059,5,93.99,53.996078431372545
2060,5,90.18,48.63137254901961
2061,5,106.92,67.74509803921569
2062,5,98.27,60.14901960784314
2063,5,98.01,63.12156862745098
2064,5,96.44,61.41960784313726
2065,5,110.56,52.67058823529412
2066,5,92.56,74.32941176470588
2067,5,86.27,59.772549019607844
2068,5,97.18,74.3843137254902
2069,5,105.11,53.003921568627455
2070,5,97.59,66.43137254901961
2071,5,88.34,59.772549019607844
2072,5,103.67,67.09411764705882
2073,5,109.56,71.0156862745098
2074,5,99.77,59.976470588235294
2075,5,102.43,50.29019607843137
2076,5,98.38,53.537254901960786
2077,5,102.22,61.29803921568627
2078,5,88.4,59.956862745098036
2079,5,91.72,51.23137254901961
2080,5,108.12,69.44313725490196
2081,5,87.86,53.588235294117645
2082,5,101.94,55.38823529411765
2083,5,102.12,63.168627450980395
2084,5,97.87,70.74509803921569
2085,5,89.27,61.831372549019605
2086,5,105.65,72.06274509803922
2087,5,98.07,51.89411764705882
2088,5,101.45,50.9921568627451
2089,5,92.72,59.1764705882353
2090,5,96.02,67.65490196078431
2091,5,99.78,62.84705882352941
2092,5,111.52,56.69019607843137
2093,5,99.25,60.266666666666666
2094,5,110.91,61.062745098039215
2095,5,95.44,55.63529411764706
2096,5,94.8,52.254901960784316
2097,5,106.45,41.411764705882355
2098,5,101.96,60.64313725490196
2099,5,91.33,50.87450980392157
2100,5,85.82,59.45490196078431
2101,5,105.56,58.286274509803924
2102,5,96.46,59.85490196078431
2103,5,98.15,71.3529411764706
2104,5,87.42,62.34901960784314
2105,5,97.38,59.47843137254902
2106,5,90.88,63.501960784313724
2107,5,103.11,71.03529411764706
2108,5,92.01,66.29803921568627
2109,5,96.02,60.72941176470588
2110,5,111.63,63.84313725490196
2111,5,102.09,53.66274509803922
2112,5,112.27,47.60392156862745
2113,5,98.7,40.64313725490196
2114,5,105.33,45.60392156862745
2115,5,96.9,69.17254901960784
2116,5,106.62,57.55686274509804
2117,5,91.21,65.47450980392156
2118,5,98.06,50.19607843137255
2119,5,103.98,50.294117647058826
2120,5,106.45,50.19607843137255
2121,5,107.39,64.49803921568628
2122,5,95.8,63.48235294117647
2123,5,105.95,60.713725490196076
2124,5,90.04,53.34901960784314
2125,5,108.16,63.01176470588236
2126,5,89.51,57.04705882352941
2127,5,103.94,54.84705882352941
2128,5,101.62,50.537254901960786
2129,5,114.16,60.19607843137255
2130,5,97.32,67.14509803921568
2131,5,86.02,54.47843137254902
2132,5,94.72,45.93333333333333
2133,5,107.55,51.858823529411765
2134,5,97.28,45.39607843137255
2135,5,96.15,69.65490196078431
2136,5,96.15,59.31764705882353
2137,5,95.16,51.70196078431373
2138,5,87.54,54.0078431372549
2139,5,99.32,63.168627450980395
2140,5,101.85,60.16078431372549
2141,5,97.67,49.36078431372549
2142,5,112.05,58.54509803921569
2143,5,107.19,46.917647058823526
2144,5,107.35,69.0
2145,5,94.22,60.129411764705885
2146,5,110.06,58.21176470588235
2147,5,111.55,55.30980392156863
2148,5,93.6,66.51372549019608
2149,5,110.14,56.996078431372545
2150,5,102.59,63.76470588235294
2151,5,104.27,72.37647058823529
2152,5,98.33,60.03529411764706
2153,5,87.12,47.023529411764706
2154,5,108.69,70.96078431372548
2155,5,95.7,65.15294117647059
2156,5,97.68,55.4078431372549
2157,5,107.82,52.015686274509804
2158,5,91.62,61.15686274509804
2159,5,93.12,59.47843137254902
2160,5,88.82,59.1843137254902
2161,5,98.23,61.28235294117647
2162,5,100.65,56.14509803921569
2163,5,97.18,52.20392156862745
2164,5,90.0,60.96470588235294
2165,5,109.23,63.40392156862745
2166,5,109.93,56.21568627450981
2167,5,92.47,70.43529411764706
2168,5,86.66,57.266666666666666
2169,5,90.95,65.46274509803922
2170,5,92.63,61.78823529411765
2171,5,85.43,49.69019607843137
2172,5,100.82,56.674509803921566
2173,5,105.99,49.23137254901961
2174,5,108.42,61.11372549019608
2175,5,104.53,46.96862745098039
2176,5,105.44,60.47450980392157
2177,5,91.8,67.70980392156862
2178,5,109.65,67.81960784313725
2179,5,104.15,63.909803921568624
2180,5,84.68,60.30980392156863
2181,5,105.69,67.89803921568627
2182,5,113.05,45.11372549019608
2183,5,110.73,65.03137254901961
2184,5,99.31,70.27058823529411
2185,5,101.17,63.33725490196078
